x,y,label
3.0738628110575825,-1.0996434444860275,0
1.463067697033941,0.2851583406378052,0
3.769053065083258,-1.6459368511723635,0
0.29645200734552246,1.8185681285201731,0
1.7184313376789828,0.27928645118931195,0
-0.2762223972500495,2.445682011601437,0
-0.39290014579684307,2.355895049029397,0
1.0530775459900432,0.7601459612908954,0
3.93549946357935,-1.854418541062358,0
1.8988311389783368,0.12598611409508897,0
1.1336082512316878,1.1932038252280726,0
1.844209817160708,0.07284474678404695,0
1.0150062424302793,1.1509920726823901,0
-0.632534014667661,2.8315926724706686,0
1.3148313750590326,0.39228577743152826,0
-0.6467492141351128,2.362362466730529,0
1.1062246641336717,0.9202228670782601,0
0.7783848064884872,1.151514734646804,0
2.842749258496128,-0.7994435193761804,0
0.34125117323086573,1.5201722659574548,0
-0.13821552601015386,2.337323041243586,0
1.5357974897769964,0.4442437365789965,0
1.199294306704177,0.8396770180412843,0
1.654290613121582,0.5420004361624964,0
-1.0230944501040682,3.0989896166173008,0
0.48603845705199933,1.404203542329383,0
0.19521506564430202,1.8388356139401718,0
-0.4036275802796483,2.463524296238546,0
-0.168079483183744,1.995021259302588,0
0.13851098532077577,1.9702768558442063,0
1.8119338358544397,0.04415832021429211,0
0.912200654492977,1.0986294896813356,0
-0.8913843766896219,2.8931248623822237,0
0.5283192867245791,1.6089797897324987,0
1.3271745353741589,0.7544409612331369,0
1.0207887897035062,1.1022108293355908,0
0.11124826081123307,1.7522982964328673,0
0.16164164336484121,1.9553367616639887,0
1.277327560515681,0.8703763870494153,0
-0.394243976334717,2.3458926293334716,0
0.14025572651578433,1.8832405982292748,0
1.7501889714030807,0.27434355287795387,0
2.0510999688146097,0.08715464434813325,0
1.1002708173431412,1.0630528093501823,0
1.572750710019168,0.4616730477092281,0
0.5554882502079244,1.4453296501636455,0
1.7902781183488505,0.32533734879944387,0
-0.8931914112226358,2.8692907759967707,0
1.1986246631123472,0.5605066543277335,0
0.26240219258298014,1.846591547776752,0
0.28201944761511566,2.049458985023275,0
0.9648796249194749,1.1414390325653385,0
2.138373814124799,0.12082551190175228,0
1.0516884060025045,1.1500132509667016,0
0.7071211355405782,1.200682957415169,0
0.4575253778643621,1.7634516336716053,0
1.5721908676146095,0.5675072181104807,0
0.8958150849904553,1.070796143825423,0
1.9430958809338328,0.18199884092380292,0
1.8277378387872742,0.2642491741312927,0
0.730473349574048,1.2349626155531819,0
2.215285443972521,-0.13367249209997745,0
0.409397263784127,1.4791169233433532,0
0.35078696920591945,1.8189005201474702,0
1.7649935105701064,0.20164566694365338,0
-0.27189258025725604,2.315567051479137,0
1.360792643393829,0.5829568697666642,0
0.7045961175891842,1.316389257269043,0
2.9084487206126095,-0.8901855818528237,0
2.794226474897805,-0.7996868776085944,0
1.016541188701241,0.9142098551503348,0
2.8035815619547666,-0.8821271137060696,0
1.0507644983717164,0.9942981736588017,0
-0.4034868013183148,2.103181473246271,0
0.5943084388442883,1.5286043357275658,0
0.21011189765050842,1.8422307542148575,0
-0.5494766481620557,2.454150765355648,0
0.9063384805525319,1.0516455153657838,0
0.2674061594535506,1.679899429106711,0
0.9126297199121699,1.049290606775603,0
0.5404733416161931,1.246475239090231,0
0.6689727001622978,1.2524375425134593,0
1.6485568882412727,0.3921621368084982,0
1.4850994619624356,0.4118439673000506,0
-1.4176008238367745,3.4768251080468686,0
1.9662721367186404,-0.08897349052891146,0
0.7711696290902003,1.3380211179481791,0
1.0633102564070673,0.8734955670510364,0
0.5027281905710594,1.489769556516928,0
-0.37604290433092924,2.453326351127325,0
0.28115579762306064,1.6502047236857547,0
0.44178173059211934,1.5659766703997948,0
0.010493626285531632,2.0723563952103277,0
2.0334447285368156,0.0514192153171219,0
1.440296132875988,0.522021621344581,0
1.0898839888665268,1.2117551295202884,0
0.6899781135030151,1.1792241408173743,0
1.3862913753109942,0.6252224679190519,0
-0.6510596815508225,2.6935879894837678,0
2.357018445304158,-0.5568122223190755,0
-1.1993104935224044,3.0021495793584307,0
0.5293453023915445,1.370145745667593,0
0.95794223663862,1.0176313197887925,0
1.2788027358297533,1.0100179390230979,0
2.006710760028112,0.07761343626872497,0
1.877479106268905,-0.0408782267068728,0
1.5190606391499415,0.307376211941377,0
0.6694204686351521,1.3103532087558527,0
1.724574821414915,0.04972259727109818,0
-0.4850740776470692,2.2066904860057983,0
1.7386341038499138,0.3444904049059401,0
0.6822471596397206,1.443815503464894,0
0.4918814631335978,1.499870365515634,0
0.39700950587255546,1.8312631252406917,0
3.2693110175741107,-1.489392042292315,0
2.97454621222798,-0.7331307737522201,0
0.7620409060352374,0.9127736623826687,0
1.4265004929533391,0.8437092235654394,0
0.8412441352092357,1.3103993920486483,0
0.4220011881690453,1.6806753895451207,0
0.24088928914138952,1.6725452079474967,0
0.5596352685873519,1.54818948530475,0
1.9475775563979552,0.2176983437968366,0
1.2469275507284896,0.8126784271288894,0
0.8247551522521013,1.106991607580013,0
1.6986292891547665,0.2644173203775956,0
0.9144970280736497,0.8491266106241706,0
1.917918824443876,0.06709751229072614,0
1.7100357892188045,-0.044283437978208884,0
2.8478257964106644,-0.5667052590558281,0
3.858449949638008,-1.9612196237942303,0
1.8726821510200162,-0.199950082947131,0
2.4356530199358897,-0.42329686966206426,0
-0.7566967434354301,2.974517109930293,0
2.024126291550604,0.10901613659326237,0
1.2301758966957672,0.7296520649826577,0
-1.1614786721783523,2.97095951163926,0
0.05416231850056008,1.8898903954252775,0
0.540759596336782,1.5413818450049144,0
-0.40292274096176395,2.499044877216325,0
-1.0898370207126389,3.162336253671149,0
1.095153880043731,0.7026253886997346,0
1.7693032141430072,0.3835060530286023,0
-0.5598352919600389,2.4889396018224357,0
1.407260496282464,0.7442886861510087,0
-0.20183918320050243,2.002688701110761,0
1.4249394431166602,0.6226003640076481,0
2.0331618370139726,0.029347891605788767,0
0.11393027144628154,1.9277933995198073,0
0.7983378867982248,1.065134911659531,0
0.2498202755808312,1.4306568502440706,0
1.2526237998249656,0.7919038690086224,0
-2.0752568698270792,4.150954494051072,0
0.210033123432514,1.7565549166835868,0
-0.29594929225108446,2.3500071367646083,0
0.8711638460925945,0.8809750149449151,0
2.2156427301900847,0.08323856134546581,0
1.1365389138340254,0.6054166611818337,0
2.617363335892034,-0.4830782262231519,0
0.4961617997531803,1.4797291502336238,0
0.5388593237295582,1.4071713642384833,0
1.739107517664281,0.4056636710059832,0
3.197720286279807,-1.1783348199437365,0
0.03835125990576127,2.0791068787043905,0
1.7035994241505843,0.2581154240467445,0
1.9895776948813337,0.07501255758889935,0
2.655980363027786,-0.5851098514526811,0
0.39625981802101984,1.5028964049207407,0
0.7943994685585769,1.1446871476063847,0
1.3626028942314552,0.1575958947871905,0
1.9640936760739471,0.07430576179909909,0
2.392765806219681,-0.3493866626160711,0
1.3895316330749252,0.5508264326356932,0
-1.593922674102136,3.7198305725756073,0
2.8226948883533782,-0.8991273135710816,0
0.5426836791562358,1.5201869462394455,0
0.5085723907364834,1.5779607939072462,0
0.9078115770162746,1.011570756274066,0
0.5912250401871317,1.3308803494530008,0
0.5990170344053561,1.2142047566433343,0
0.9149717432612384,1.2658418792340385,0
2.0556728351963622,0.29553172883101797,0
0.8271061439942416,1.2291621858543669,0
1.6837474620543595,0.6136754369723079,0
2.0634194482719215,-0.21180704079312762,0
-0.08658257374175649,2.100451595033377,0
0.4820522674518075,1.2022112273725258,0
0.9545577679191675,1.0708400814610561,0
0.9598498428924321,1.2153979013069707,0
1.4966007594986064,0.24848165122772348,0
0.8420258894798671,1.1589341691047954,0
0.06244109008314069,1.9008356036874197,0
2.374385769720298,-0.6758581862559778,0
0.6277700270408135,1.4033223383986555,0
1.3407678184177692,0.7964368785702216,0
0.4786461847160032,1.7466328912781464,0
1.646845689556597,0.39161073874400776,0
1.1908575464550506,0.9277274978350284,0
1.8494145942169942,0.24483445323639408,0
2.6752003158117406,-0.7186248789676548,0
1.279898484246246,0.7210800156182131,0
-0.6680923062032029,2.8408163771938217,0
1.62093518909465,0.27233325460289093,0
1.9498360969391466,0.0995845824047179,0
0.8433485611326045,1.1700529253139504,0
0.30882376793052935,1.5913013152876574,0
0.5382695203194017,1.585711186562658,0
1.2610055422457425,0.763293432195649,0
2.2280726914963944,-0.19976251413094293,0
2.2790342101821306,-0.4252258924632941,0
1.2343343074641797,0.7112715827592484,0
2.3577109504131766,-0.5528467515868916,0
-0.17236836638413178,2.1334405642866443,0
1.528526236126511,0.5768690030741263,0
0.9256379671732233,1.0648106069333807,0
1.9171750232641505,0.14850704346018195,0
-0.799265064510958,2.9795593987514133,0
-0.3052855123593372,1.9416064158495994,0
2.7016858934846386,-0.8892280821638783,0
2.051539812100014,-0.05292077525198646,0
2.609781654893774,-0.5544858613024399,0
1.5339464111700534,0.514764780613045,0
1.048958711703993,0.8810622696099175,0
1.5380148284764568,0.5481221553559281,0
1.6867717231411077,0.29954043696406263,0
1.217579475302687,0.8850240501647048,0
0.24177635774906914,2.0040633030367268,0
-0.4387670784261726,2.5667727811519123,0
0.5559080339870746,1.525187236617206,0
1.6621328879891109,0.5627852452627602,0
-1.383731699360518,3.357392044795799,0
2.116112028032215,-0.010743023682025843,0
2.5397024430693937,-0.7028958143722754,0
0.9337347680119974,1.1785233849369487,0
1.3724622417586012,0.6379197248122795,0
0.42425240185394997,1.3314614643415912,0
1.2117846063737527,0.6996582808525831,0
0.611266279920536,1.3869442303095163,0
-1.2022816300083012,2.9736543197906884,0
0.39627138399765194,1.613710549020312,0
1.816393790775518,0.20938282809980213,0
-0.869693607995466,2.7871845761730434,0
2.1518730495089775,-0.22013596569926364,0
1.5878052282066577,0.3996774302801507,0
-0.07820390245535158,2.1707591275505314,0
1.0661891490041349,1.0021128254494251,0
2.1835280914045745,-0.1283830061152169,0
2.2244299832275374,-0.3710108165790367,0
0.6255773871580017,1.15774808493229,0
3.105999076788757,-1.048729163011466,0
0.3442167973495931,1.480209535807099,0
1.8687930901852061,0.09445857300704252,0
0.2713301450918433,1.5024399572476634,0
0.41369731111310915,1.913011786809077,0
1.9065283873356198,0.002786179465541494,0
-0.9356736289351526,3.1836930214247507,0
2.8626879563816425,-0.7475164076469809,0
0.7529816474793862,1.0818590170308569,0
2.32663479814342,-0.04796020252260913,0
1.4722653182934151,0.5412105576989361,0
2.789780168464678,-1.2033362552336482,0
1.7915631653731836,0.36069183402437455,0
0.1113110816795082,1.8298407091655873,0
1.078902517290858,1.245644821884448,0
0.247032835968237,1.8185405479576366,0
2.9788789392468256,-0.8906566726854777,0
-0.5754116274977639,2.6140212122604476,0
1.7295819962128705,0.43175464391286067,0
1.5956233638205068,0.4615743895390906,0
-0.2663434165897325,2.1095011100919785,0
1.927846280795816,0.27660286113860877,0
-0.11132733418548346,1.900910101062272,0
0.8981104208249742,0.9111453878077199,0
1.6821745618718775,0.37101225200749455,0
1.0944801283230046,1.3767314524153065,0
0.17770784330330058,1.8846126629416748,0
-0.31811908729590055,2.3708415657612036,0
1.5629051888289047,0.29994674657474085,0
2.355880896063308,-0.39488770982075794,0
0.3552772793234399,1.6206113506818443,0
-1.3443586528778741,3.6153611674300317,0
-0.6191063258533189,2.82409621671359,0
1.7650078994154579,0.2105572525402729,0
0.014091681878216078,1.8629155709754175,0
1.8088441115550848,0.1396795886066532,0
2.4578848871074186,-0.3219744622009064,0
3.4207465938121215,-1.4699072252900924,0
1.8019394312814663,0.19418088428949798,0
2.844240785717238,-0.5959384283277906,0
0.565266205699859,1.6194939098609002,0
3.049470284612186,-0.89611062874926,0
0.558880815588788,1.2465196079112866,0
2.112978861591603,-0.04141895665897133,0
0.20021440313059158,1.8197121580457354,0
-0.1984259735060956,2.186097264936016,0
0.8362946150494429,1.2861247584046742,0
1.4898163144435974,0.5765170547040583,0
0.2363124581274033,1.8765728510695814,0
0.43314854514806644,1.6819722195700426,0
2.3723666912164374,-0.35514014924801796,0
1.112427547918154,0.8623156264582713,0
-0.6501268069148087,2.4265649017956026,0
0.8576933775380213,1.0735838401012616,0
2.4402462189048917,-0.07373475286222453,0
2.310816803126068,-0.2974702160246012,0
1.328795283461524,0.5670314092838283,0
2.245694873012609,-0.16536080519292895,0
-1.875945512492304,3.9434971194539914,0
-0.4984999655576612,2.3780767820594617,0
0.9045908150861162,1.2486202318125383,0
-2.763030509188965,4.78417800869326,0
1.5295848858939916,0.44354321370550487,0
2.1998966101861597,-0.240825511100222,0
0.560628030692981,1.4485398407468502,0
1.267484202732235,0.8385772015669015,0
0.9913546929857943,1.0422450620593573,0
3.220782826968079,-0.977960497113217,0
1.2312234819367658,0.7105418303480228,0
0.003748875734175261,2.0178041974924845,0
0.5827134977129599,1.4590421875337425,0
1.8620077192827091,0.09448728812358609,0
0.8281696242257741,1.2636250678622754,0
1.0539178025220646,0.8084555255394459,0
2.2371034033638293,-0.16843983993540057,0
0.4639963245296528,1.4602130829756241,0
-1.1491790116753058,3.2494560630925133,0
1.4226752511930578,0.3755316499128579,0
0.5039750568531579,1.3250183294731244,0
1.5866658825960878,0.40816812505722233,0
1.1536086383374302,0.6733749180304787,0
0.9530916518824235,1.085076295472692,0
0.5504895032971739,1.4702766535006353,0
1.0677037929109192,0.88651250860574,0
1.1241553568286275,0.8032563195990122,0
-0.9707455316241802,3.2248814890350976,0
0.5385029802902395,1.61142977243395,0
1.4432889239315743,0.5921858128649704,0
0.8962489193307414,1.1312017430967791,0
1.318056008271644,0.6778097881876436,0
0.05771673340235062,2.2072010584470974,0
0.7283762465792736,1.530103607922581,0
1.4351635217232452,0.5383697129546091,0
2.0955934973751287,-0.154233450985775,0
-2.253507250534295,4.098000787983563,0
-0.21401647402508917,2.1808495933073293,0
1.4700621429794705,0.5858363905771528,0
2.0005382168894617,-0.07967214984030346,0
1.4452378814140405,0.41731180574569904,0
1.6492604405358997,0.3657324165996151,0
1.673307745057242,0.3766235642514436,0
1.9047684773816322,0.16972747060824567,0
0.8827838973159143,1.3781409252564327,0
0.04950956096190917,1.5805215156737953,0
0.8402644913056276,1.2662545372072862,0
-0.7400242197376556,2.8689491965995253,0
1.6498110910373376,0.8370615688983128,0
0.8936201260880837,1.2766830038962733,0
0.8072978971945797,1.1565951188544403,0
0.6105715460533488,1.6560802257957827,0
0.22750250669752747,1.8828124848065535,0
2.4394870849948767,-0.3671104421032696,0
1.003229378293643,1.1040777938540023,0
-0.19052459417430567,2.1650819732749325,0
1.9846034732222442,0.07251057071316136,0
1.3237060831493506,0.9607222166654771,0
-0.10373924915659716,2.189132192299014,0
0.7317330733701348,1.2621641794606389,0
2.8883837144266833,-0.8167689345018936,0
-0.13424512545163858,2.209597870279456,0
1.0021815690099494,1.0590821743880954,0
-0.3825044874354855,2.4132335951357526,0
0.5411308029064597,1.4773262839122077,0
1.0360163818142085,0.8663926428355851,0
1.822489293010538,0.15265724545737236,0
1.5121254299295437,0.42981012100117966,0
2.230351260722939,-0.035877139784122214,0
2.072865452540658,-0.31380785984152326,0
1.6798427121068082,0.2086495643139018,0
1.6497773129926432,0.30187243270188613,0
0.2522026791970009,1.546045687260118,0
1.0172821580948794,0.9654441411158906,0
1.3333171054431876,0.4532487978156198,0
1.01502168065419,1.0557120587978155,0
1.244787599882414,0.8766318762161999,0
1.3719700169922104,0.7088113165587261,0
0.5913975588483263,1.2886636268629015,0
0.8906833780934336,0.63727615832329,0
0.9802354574629683,0.9441574026001651,0
0.9762800636461374,1.2442475992139344,0
0.8559568240473558,1.019071969713313,0
1.5206847450266894,0.3325295650561073,0
1.3394483256136307,0.761491574988648,0
2.110752587513947,0.10282430363402284,0
-0.9403582460060855,2.9299340543928905,0
1.3902160299384922,0.8076001921591436,0
0.6729308477472902,1.3887743958821186,0
0.5571410315177288,1.5938938481834657,0
1.5728697757521855,0.4762295176884963,0
0.5492461971449534,1.449760151109944,0
2.050149884154359,-0.14953009718504418,0
2.590045063117246,-0.5694618116950625,0
1.2666645878644043,0.6998155310062691,0
0.15520221049054284,1.993808413943432,0
0.86193016494246,1.2847751845521498,0
-1.9092763737749174,4.06397565897845,0
-0.816279422687183,2.5023174599455085,0
0.9847651626994572,1.1016163430491626,0
0.44833828255103125,1.4589353040659117,0
2.0083823176562317,-0.1383887055577584,0
2.246225505318354,-0.35275694245560163,0
0.45259826231843114,1.5593979200622994,0
0.9489506864946965,1.0586719438160859,0
1.7264210355957852,0.21527898754772912,0
1.1727702107449285,0.9673485570099921,0
1.1000939480533647,1.0068503714223453,0
1.4687946515845227,0.5798843674484864,0
1.168101073816078,0.9275525775484819,0
2.247533777148654,-0.3866956097775083,0
0.7624379810197217,1.392574985538324,0
0.19764967723402682,1.9663650941924828,0
0.36273547122781447,1.6397545621890306,0
1.2409303321518141,0.7162442067979713,0
-0.11364444208390823,1.9759637878922276,0
1.4837257504701589,0.40290461955665835,0
2.260949234385861,-0.0026414244245906993,0
1.4230459031633373,0.5915208401934235,0
-0.12661637414842364,2.1904430848805294,0
1.5867541187090022,0.46801304484390527,0
-0.2615145917653201,2.3814443865995685,0
0.3424761987469567,1.6991296607157977,0
2.1557518212436193,-0.12607922179412245,0
0.8853149763097224,0.974188726012918,0
1.734841379911277,0.28409582283659995,0
1.7088694424837079,0.49016419306325654,0
-0.9503723422374293,3.0538999892649166,0
2.415875102048239,-0.24304187893992113,0
-1.0836399946963677,3.139529091662884,0
1.1187619409223293,0.7338879377377786,0
0.15355405236451047,1.7631752696170082,0
1.1641175769087397,1.1306714396592694,0
1.2780350763545942,0.694897706836141,0
2.0186826357407934,0.0814132521189389,0
-0.014992558394459676,2.0159962712964674,0
-0.7518683059414868,2.6670708771391856,0
2.4577554689666394,-0.34769359504602115,0
0.470700798242342,1.4788362354720117,0
1.5579932414878563,0.6462244630843148,0
1.8273859414062605,0.0031873195685881983,0
3.001357374223992,-0.8579271988637833,0
1.8520655402119908,0.17440258543645148,0
2.6711330331903347,-0.5558067193792704,0
0.12784186237175266,2.0956429403630996,0
1.9015009129277969,0.12740899861779353,0
1.4546172162476785,0.765647939642788,0
-1.1084198541417485,2.8475487180213035,0
1.2862113001380988,0.8457556629474126,0
2.162122059004185,-0.2467466363227424,0
1.2652479917860415,0.3807204070648659,0
1.9987688728899078,-0.08595266027886894,0
0.8085985984756476,1.1732792940914594,0
0.36422839864058587,1.6247246760618248,0
0.46218343490792957,1.6098505613889293,0
1.4485093162462195,0.4932863797806091,0
0.1969965849596459,1.7116785956652478,0
0.7181480912844382,1.1726933957303467,0
0.024511818911337913,1.917337610241134,0
1.0985018294730668,0.8968177015167412,0
1.5307493136770698,0.35055139689332304,0
0.7782826526714292,1.052509514826324,0
2.0493220331901814,-0.13191442850364732,0
-0.49149220745622846,2.571925395111844,0
1.0081411532893692,0.8521087072693235,0
-0.3303845404323058,2.6326420426476234,0
0.6790207721040795,1.2809030130058359,0
0.6048984206899528,1.478797903654391,0
0.4442086351647122,1.6328121115495207,0
0.48810701318100247,1.4564280889378733,0
1.252408539907948,0.7828166804775627,0
0.8714033735010853,1.1407848668013474,0
0.6604022157660214,1.1352481353833959,0
0.3691968035436193,1.5302635660879447,0
-0.4338163677745548,2.257665287974476,0
-0.9880860524443669,2.8740690129593904,0
-0.6618462575889823,2.7374486446633,0
1.6387248273798611,0.09959021678634938,0
1.2527574735264264,0.7133596247239222,0
1.8445122124962603,-0.06814876038239426,0
0.535995438572618,1.533900345922908,0
0.19716169027411,2.090193079557534,0
0.8381501534818112,1.3929936738868705,0
0.4299075310994739,1.637542281327615,0
2.4941688744625727,-0.577474189159149,0
-1.007941518146592,2.988131722534321,0
1.4902907447757368,0.4808795779450641,0
0.6800067064490211,1.2574446657300697,0
1.387579118102659,0.5798951117792479,0
1.5035147894174052,0.8062352681954781,0
1.1386349227338601,0.8632279379053389,0
2.4201927680327,-0.5100323093271524,0
1.1303505963334508,0.8810135013595779,0
-0.35182671261850085,2.312166782814403,0
0.016922997440074528,1.8741622519274845,0
-0.2634285852261655,1.942737146160772,0
0.22636773703957958,1.6069749040058592,0
1.0319010866529406,1.182292651387925,0
0.9928350643253603,0.987217109492357,0
0.8547699919124385,1.466774443410302,0
2.1007710568341014,-0.19600197323776336,0
0.9748701638035533,0.8060789786317915,0
1.9404246617484067,0.0910049711468005,0
2.4565684540907986,-0.2883379026273909,0
1.6558780736994214,0.4230361060314187,0
0.5542222683154381,1.361109454129632,0
2.587430615949125,-0.6433570393138466,0
1.9095469763275195,-0.2434387843939938,0
2.732353062797143,-0.9859553517580704,0
1.6403721838593661,0.3841990638996188,0
0.9804047897293701,0.8098804718146279,0
0.8574969708514564,1.251734402159487,0
1.4475272558623593,0.46199179328707907,0
0.4253107249638479,1.5200369401735283,0
3.0044554151998137,-1.0023469987068814,0
1.526726350846987,0.4773733854598742,0
0.049466711933196406,2.243106938352354,0
0.8883338333699029,1.2151735858316222,0
0.11762870255702418,2.051700168265014,0
1.5457483194247277,0.6284359724004065,0
1.392432305423159,0.6905287271320333,0
0.9957019346454645,0.8185559709693981,0
1.0238419637386842,0.9853804755682587,0
1.4827504253409987,0.6369600400505577,0
0.9346413820711529,0.944868317934831,0
0.24161277510477663,1.5526827256839622,0
1.8945730653937396,0.3864863736770856,0
1.1633685471155897,0.7773174422664768,0
1.4966971085695868,0.6566958477076855,0
-0.07490709830383024,2.1240611828293323,0
1.0780763754842455,0.6579495938210426,0
1.7536114710578237,0.4990633205908246,0
0.8289917982908849,1.0943407696752867,0
0.34292838270800086,1.6113967356970607,0
-0.02222373386977594,2.0493834650853473,0
0.44042699179056444,1.7130023720662608,0
-0.20205043859220306,1.811540350425024,0
1.4513529185489875,0.5247734623065801,0
1.4450776584052876,0.6294688029625854,0
1.8622782804911941,0.15331720058681408,0
1.193175629143329,0.8722958678856226,0
3.21425939219445,-1.3835896609620915,0
0.8220331568953428,1.178301911856895,0
0.8618078833727314,1.1819363453379452,0
2.362505258767773,-0.3654483025757538,0
1.5525790104019073,0.468949046105664,0
2.4308584490025535,-0.4467248033868625,0
1.225428302409616,0.7317973889511462,0
2.626554285903941,-0.2875382177241679,0
0.157727069083054,1.933418559761124,0
-0.3375303696029468,2.3171985588408166,0
1.7535693952618865,0.4386351722774998,0
2.140133095267151,-0.12172232497142677,0
1.5213479428986738,0.4423730696842767,0
0.45069146018046147,1.3512686070208284,0
1.1571574121207622,0.9903882902526665,0
-0.5546157573592767,2.6622939780370904,0
3.627940792286579,-1.575003787381294,0
1.2872224174701106,0.728569275358401,0
-0.5898557010569825,2.691611328606,0
2.2739702476525347,-0.21685534600753886,0
1.5806575487532846,0.4514523159079531,0
-0.47324844514358855,2.6736669205743864,0
0.6784418591166747,1.3117556033368438,0
0.6124077346576782,1.5396707206989566,0
0.9862369172134705,0.8570609665589681,0
1.4062214499716328,1.003137561181242,0
0.04405892244048404,2.0564091530446764,0
0.4347351481147326,1.695317271406699,0
1.5926129618165616,0.5310323829448209,0
-0.5231016564852926,2.437234753442882,0
1.0044462001188321,1.0871046980130394,0
0.7441132913791617,1.378442027359465,0
-1.968788672749993,4.081218168960187,0
2.049064561413797,-0.023866330496940202,0
1.105623809068341,0.8040828329232204,0
0.9867139490766067,0.8229082093347786,0
1.5909270289734225,0.38654714676478896,0
0.14686196569068666,1.9376526763859996,0
1.268107542414952,0.7835593259531888,0
2.087592145783476,-0.2718299469908487,0
0.8540732571278352,1.3210654191884676,0
2.3227147794180043,-0.3367551793471417,0
0.7792026845833988,1.3555152507462405,0
0.6783456900306187,1.5121393037810922,0
0.8337995553412565,1.0256835710805265,0
-1.2732903820639447,3.144656394306885,0
1.6265426342653155,0.21571792404353896,0
0.1731685465298367,1.9600221356805836,0
1.592286908893838,0.39204171036026647,0
0.4917238266028201,1.4529944486637558,0
-0.026210678232371887,2.306329948612123,0
0.6827849506809409,1.322883022497463,0
2.261774998274122,-0.2484463449836669,0
0.25238500697314004,1.5648116452300282,0
0.22777418836703456,1.861705303687833,0
-0.5253932383278945,2.4355312469117694,0
-0.43428954110140294,2.260265417732131,0
0.3910939736233001,1.7854393714280037,0
0.6052025357150143,1.5699995674029472,0
0.7705583194230534,1.4122796954875254,0
0.3375342883600061,1.6390472937534715,0
2.0257664917509306,-0.1619063895802222,0
1.4758839454503447,0.22525952362203416,0
-0.1293364403955053,2.4097747594010883,0
2.502490534083316,-0.4297105548573672,0
0.8019107111553619,1.0900763836381653,0
0.2676489764885588,1.8084393908101786,0
0.19842415232742816,1.8422566724433498,0
0.3957915876813469,1.6109908831990984,0
0.69996823137379,1.2911850104320552,0
1.9854512710662968,-0.19113378349276755,0
0.020312702438542662,1.8623762637609962,0
1.2412556019886785,0.7602682359178131,0
-1.4906273122784093,3.488209279315079,0
0.36638628778489735,1.5010389344907833,0
1.5400539801976523,0.5218905259732497,0
0.7173450554383326,1.2542313903394928,0
-0.08630776885244318,2.249961572034437,0
1.0774889066626343,0.7144537968005176,0
0.26660097923199677,1.467684323214525,0
1.0609112886336858,1.0071934282818567,0
-0.5577429821875302,2.256144102754652,0
1.2900652866290998,0.6096350628303902,0
3.0158276090618257,-1.1028970789081223,0
1.472507319230125,0.48781566605510196,0
3.395205315522991,-1.1944143638803717,0
1.9466799737454195,0.07900527911125188,0
-0.3542009508968651,2.3322181300221936,0
0.5483712057202514,1.6578186387857516,0
1.7300958170355705,0.6184046684822515,0
2.2211764312764704,-0.49908386610027566,0
-0.2206343045075827,1.9406332296157007,0
0.43115358248877145,1.512847994204619,0
0.9759656243347589,0.981075518999419,0
0.44511782936462163,1.3715311387087024,0
2.2003420779323735,-0.2850186245283888,0
1.8396870585738148,0.18520209478215877,0
1.2658082865016684,0.8506371967860155,0
-0.25818132646751635,2.0619151114668153,0
1.6646939123730644,0.4984754745552009,0
2.412805960751224,-0.18837883207095873,0
1.1677612466334073,1.1181325738005357,0
2.0817094281362065,-0.3576622129610363,0
1.9610898044938394,-0.19437172950775428,0
-0.46285573218713094,2.6081417772675906,0
2.9343264650984873,-1.1180137894308926,0
0.7015392970731623,1.3278951301499995,0
-0.023264481100099266,1.9025565805790492,0
2.2780362307966473,-0.023213478116222763,0
0.5912690485312468,1.1611698329042475,0
0.0035293601039000366,2.0417480124790526,0
0.4814142203421372,1.5791585582048049,0
1.4583834349646003,0.3816606506269259,0
-1.246323719923173,3.2408062606391326,0
-0.0661534383319542,1.8589953266758605,0
0.9099730781358963,1.0052163399509249,0
-0.34883861535034,2.444626719124134,0
1.5737883107852824,0.382235828641617,0
-2.9022809112877468e-05,2.3162183295430223,0
1.2162337516454038,0.495838813007069,0
-0.45556423627611164,2.4291986449747394,0
0.17758806533171467,1.7603983679847777,0
0.2697812656873213,1.6921543041744311,0
0.7972381700371085,1.4281714492316078,0
0.12069301145499467,1.9301804815720298,0
1.4311579799518217,0.655455637808215,0
0.9185504244713677,1.1278479222820184,0
2.1271969956912806,-0.14216726771702737,0
0.9091295988256906,0.9933614650953551,0
-0.44580812788061475,2.613613265241968,0
1.5755252224080878,0.24340211350347207,0
1.3794701070660826,0.42146481030114225,0
0.4963172079986278,1.3049019875725192,0
1.7727976610759189,0.41114675751127916,0
1.5672579678465408,0.5464261158638368,0
0.9975813535044464,1.031295634098734,0
0.889794164339009,1.2110591158682156,0
1.1084227946305316,1.0013343079213743,0
0.671328162611558,1.4490304869331072,0
2.7077832620797437,-0.7338727296867089,0
2.52936930396514,-0.4561212340852596,0
-1.2966926932821994,3.0780036493577394,0
0.7641118162753282,1.2597004925666453,0
1.5550629635508026,0.12931986521309458,0
-0.42196299671982396,2.2105418329375435,0
0.5582592799342397,1.4548100915403697,0
2.33309398121199,-0.21426732985802666,0
1.5298258883590408,0.6365878186845824,0
-0.7566006357949466,2.6356048853913734,0
1.6220087510479633,0.3740497321416575,0
1.364095504764341,0.7593748389934424,0
1.178957342081842,0.7753653353439671,0
1.0866918231383482,0.989627145881065,0
-0.25317991804656437,2.1200564519428644,0
-0.05939584073115167,1.9239002753917456,0
0.03405983380437416,1.8526144378722513,0
0.37937963053001067,1.4992652910757325,0
0.8813876498882851,0.9983639046780147,0
1.4483001666089388,0.7921843948264038,0
2.074806239115685,-0.03825265215324758,0
-0.7348962472047365,2.641623644047983,0
-0.40320417876884407,2.419929951071457,0
1.0637171920034711,1.059472944288427,0
1.9007319777763199,-0.0682291563363755,0
1.7301866580998586,0.14507763355668324,0
2.9559033670541437,-1.0439746834560975,0
0.2922636418242035,1.9560821012465563,0
-0.15565399683112235,1.901364826541592,0
-0.5006021238894203,2.646879208051911,0
1.8972998259608929,0.13144909067056676,0
2.2067633848454475,-0.22593977786823372,0
0.8730756656742811,1.0037229427781849,0
2.4917882860099754,-0.39896451851795334,0
-0.9423013005247975,2.8663669131524956,0
1.18906030744619,0.8006091198039842,0
1.6333609399267233,0.3534974385333385,0
1.3848269888038294,0.745967992398883,0
1.1166761846700755,0.8838658371305951,0
1.787495073101999,0.16380645592430532,0
2.9154880009696678,-0.8090489787462596,0
-0.7197890592254212,2.706002285309205,0
1.5464797306742255,0.5738118432451966,0
1.061600999871658,0.7241315282301886,0
1.1925309408350309,0.8617438243910835,0
0.000297745778106151,2.0571748977519633,0
0.7046863548968986,1.306076160765481,0
1.4144534408760165,0.6982848102388752,0
-0.677872585640968,2.560823385496221,0
1.4618475083998916,0.5412212281161741,0
0.24623781806984568,1.6368570193157144,0
-1.6650136414017958,3.3066858865069046,0
0.8807020300539674,0.9756219277177507,0
-0.045838550026291225,2.000128166682952,0
3.3358361928791664,-1.4515989423184887,0
1.4542131396428326,0.5257630672394935,0
0.5531264072788142,1.3805106279349904,0
0.06016435614291438,2.0808204383089945,0
-0.8579549023864961,3.096634713849606,0
1.4970194742105392,0.2935864111098391,0
0.5151113225876189,1.5085598200425876,0
2.266379981586364,-0.023015743433252522,0
1.6708712143928799,0.38617337545753794,0
0.1796773976120929,2.053544159017851,0
3.479073537279201,-1.565543577426801,0
1.3822748911009568,0.814886517642044,0
0.9209926283149329,1.0454194686291538,0
2.9409952429499713,-0.9854115704115192,0
1.9892570203244238,-0.14021627807916404,0
1.6589919477870887,0.061762523381576506,0
1.5757611921928536,0.22698373722344423,0
1.267090740748212,0.5686148246474072,0
1.9255558576017229,0.17215328196023238,0
-0.34693813226637404,2.277735353798956,0
1.5701622587266792,0.3788235536113945,0
2.2332609704615827,0.07582569076660362,0
0.635376974300694,1.415535498566718,0
0.21330010241917663,2.1148011348483378,0
0.5354375650032279,1.4387164055999153,0
1.6240872987828052,0.39663885281766287,0
2.0477785886938387,-0.3032194684673104,0
1.2443633825337028,0.8077906213204346,0
0.0454275439081272,1.9326776977569797,0
0.6906639745113947,1.3379381351390003,0
0.07485565368705738,1.8343806980664712,0
1.9333604508228783,0.42684755438809996,0
1.3033773241894873,0.544664737874615,0
1.0399277233032809,0.7843641183550993,0
0.8844766168067772,1.0792806535058632,0
0.8677832415644954,1.172443625310798,0
2.269881959956998,-0.26218578029144424,0
0.9454903179210172,1.263771424785778,0
2.2354303820736083,-0.2385636684296757,0
2.999379867764952,-1.1839163238645116,0
2.606277581573713,-0.4683016419945578,0
-0.7644069487759482,2.8032777440337315,0
1.397640159890039,0.2976734035070453,0
1.497920255443361,0.5670329723364685,0
0.7675148412366437,1.0506648293114498,0
2.29677183875649,-0.2660927664289727,0
0.7419916751217228,1.1595176434009378,0
2.2072857889469124,-0.2429932785232627,0
1.4600218960811728,0.7616829045619913,0
0.5043863639576988,1.6451461959673614,0
0.23638483106079344,1.9284816024771154,0
-0.9429821007604686,3.0352463301410264,0
-0.07967751720437954,2.1709581708970416,0
1.3046510100225364,0.789969783489102,0
2.384304247781041,-0.11403291486956113,0
2.9124156866377895,-0.9071362523461943,0
1.9319067371831231,0.08557298976895722,0
1.448342314629107,0.6321231502619895,0
0.7719176391698912,1.4443302761276673,0
1.6120400843856513,0.4252828976712171,0
0.2596731353173457,1.5472831998996115,0
-0.25177355063720475,2.021933847839046,0
0.8812857411700097,1.0065547329796098,0
2.492152256379555,-0.4234449049410738,0
0.794429344257746,1.2368644195868883,0
-1.5911537122283046,3.8466212558017787,0
1.5195588597773075,0.5735618869147419,0
3.642387589087042,-1.844850008781321,0
0.4910475336906248,1.3783873233205144,0
1.6034664963975107,0.10752168122193484,0
2.142088320491539,-0.14835811989310366,0
0.17991722957288947,1.95944839188103,0
1.6624023843935167,0.2106504119829008,0
1.8845085121071175,0.1163668397969122,0
0.5587384440856504,1.4890352303361938,0
0.44711044936801814,1.643885026355245,0
0.3159390262028825,1.581329004659095,0
-0.4453458616540451,2.468626411094827,0
0.8220506255431981,1.0974854974276433,0
1.3511215544589104,0.810915455898072,0
1.9117875170039698,0.16820379610380098,0
-0.7122319435242792,2.6690182641044458,0
1.9072059800156254,0.11472976139125557,0
0.1502621913086194,1.7243754901199895,0
4.089444212426505,-1.9602086490134152,0
0.36700179176485603,1.7841542914722375,0
2.535706750825388,-0.7043384845758229,0
0.5271921535062272,1.3771639645496894,0
0.8924159519203403,1.048859511572719,0
1.5161761948745627,0.3092156188011337,0
0.2928943290489763,1.3894768838319895,0
0.6452587160108993,1.3861464463332243,0
0.8879885442430286,1.4109671760605575,0
0.726006821569531,1.309349233150135,0
1.5000012913439313,0.7373235986268794,0
2.0768553015431688,-0.1451843234122192,0
0.48640874227126396,1.6084347378169968,0
1.3667313647278712,0.7815278584404085,0
0.9054449282410268,1.0766457555856817,0
2.5700569389845405,-0.45195052607876307,0
2.0067877469335396,-0.03296576798413309,0
1.5422704294747986,0.5151166891390795,0
2.3215413879681153,-0.250184270836034,0
0.9319566282812631,1.2110089742611834,0
2.59084579459503,-0.2519539230133372,0
1.2776911662327044,0.44617269338826393,0
0.8911508164698658,1.2892692427177317,0
-1.539159512511778,3.4672951448512057,0
-0.6558925454202853,2.9525196782386125,0
0.4511271335449685,1.5537323766191558,0
2.2883013974331057,-0.3297824194594683,0
1.2060255178074397,0.9348717200644087,0
0.49588734512523924,1.4824887965241262,0
0.9667133285899283,1.0768666017772666,0
1.0635154101161266,0.8856288910600605,0
1.6342369412738655,0.37676687078980375,0
3.757059373093483,-1.5397610211548218,0
0.2752024540570399,1.9467698770384843,0
1.169804359832891,0.6939994617783867,0
2.37361729018672,-0.22757874393178623,0
2.99921727944255,-0.8971124176272902,0
0.15203704716653876,1.93947539599885,0
1.9464768656964013,-0.00800255606679734,0
-1.9754692603831074,4.036852495333241,0
1.6874431498834996,0.14648335873647045,0
1.6493345830558899,0.28353977841375366,0
0.49795039926354534,1.4273712445677502,0
2.231322832542376,-0.2681200725422539,0
1.6395445791895582,0.3742947780928134,0
2.393670886488089,-0.23094893947170703,0
0.3543049829440065,1.5905002310715708,0
1.5088937908690976,0.575374180803371,0
-0.09085528608456284,2.3904224265420613,0
-0.20831544515331846,2.2038407884156914,0
1.129781116285249,0.7171953439160772,0
0.6216904341901323,1.394265386908363,0
2.159345023628936,-0.07434066532784955,0
1.3267326971245543,0.5565650695267021,0
-0.25754368511899894,2.5049556750327624,0
-0.7092973034461976,2.658965147877204,0
2.2172541107064196,-0.016694320242679916,0
-0.023563817366863082,1.7434202576595097,0
-1.1357277169062079,3.1057343304650473,0
0.9424536486655661,1.1445506404605548,0
0.25091250611842275,1.618432816561123,0
0.9945002236755116,0.9161453731527404,0
0.646461135808554,1.4036180373516431,0
-0.3451081061309198,2.1579235815835776,0
1.0953363805363387,0.83503802179579,0
0.6381972134697802,1.5254178356371915,0
1.5422546221230786,0.375998996254589,0
1.2036588430049897,1.1181174350507774,0
2.5017779660840587,-0.5259647492068604,0
1.4632206598181439,0.7554278628273275,0
-0.33949837899285695,2.205528528194657,0
0.8286361921120441,1.3505085905207443,0
0.7758754699012221,1.0007482609303462,0
-0.5157797597603293,2.447467050789537,0
0.9072901425218205,1.0624066501084641,0
1.7979446518430784,0.14796225899002913,0
0.33496788738300465,1.9448758076141892,0
1.4731641708061758,0.49533763858742585,0
1.4716995922292075,0.7510678664164899,0
0.7624150293415733,0.968656908685154,0
1.7632713302375822,0.3533437230640386,0
0.5317227839728572,1.4555925846267774,0
1.6999349597317275,0.24845979476079638,0
0.15433476028163806,1.8739131848390027,0
3.701904518906619,-1.9793275700844726,0
0.3964608947740179,1.4577370725727974,0
-0.017038240563564733,2.0206037052277335,0
0.8056924069043695,1.333999606947761,0
2.471181644418567,-0.4299669802981545,0
1.0332130194384828,0.8757183843903614,0
2.3221767559983664,-0.11561677536185466,0
0.8342905814779493,1.1504150056876983,0
2.1726973986256475,-0.33971768726766904,0
0.9713729857200989,0.8735237246720804,0
1.6362864532562786,0.27701845431233674,0
0.749787866076099,1.1640674604122665,0
1.5429872359505894,0.4168907370621783,0
0.7165274617290518,1.341119775324011,0
0.5344660119867661,1.3601524100963895,0
1.4087885908300593,0.6709497478304667,0
1.1052936418136166,0.820218113693961,0
1.3573886029630522,0.647143071586146,0
0.5961663057468568,1.2088549522725804,0
2.1067698088396574,-0.08048802145496237,0
0.40134186936402294,1.5562013380287734,0
1.6961673910749981,0.06300964174228796,0
1.143498573547247,0.8469245548898694,0
0.8927291280646005,1.2747562502059337,0
1.6764550590299663,0.4486654740958059,0
-0.3497720387878338,2.3164403885947844,0
-0.07879834334659241,1.8120151958116297,0
0.1082063210369757,1.8536956792735402,0
-0.23453657312902232,2.2307670340527017,0
0.4300077160098523,1.3452221850460933,0
1.573357606401454,0.41652689423755596,0
2.2181214949475843,-0.2986411302789589,0
1.456144944512137,0.5644194752680098,0
0.4274422134842174,1.527330734912037,0
1.264788590804138,0.8194929131416329,0
1.6425253841565688,0.7842117555974196,0
1.7732182423170961,0.13176461468508338,0
0.8069465984435608,0.6720807833053473,0
1.928155195682602,-0.03580638225821864,0
1.0281375385504257,1.189993716045209,0
-1.2094374677316035,3.2900329932272556,0
0.9983632330888041,0.9384422557072661,0
-0.890223480519343,2.836541407772272,0
0.5557091311058604,1.3952566064959648,0
0.22235783936152909,1.6515969068411667,0
1.1490672323390065,1.0747308073540969,0
2.207038303393845,-0.11077800613263133,0
1.3256547265674563,0.5467024246269833,0
0.8164621717042111,1.2603260312677995,0
-0.11430427087782502,1.938869923232955,0
0.7821570856357112,1.286204912788536,0
1.2684548529491209,0.49240053491310665,0
0.67371135109415,1.286272851404405,0
0.08601561598227447,1.7530790289604279,0
1.0222363540598571,0.8730685022187306,0
1.522451177861719,0.48748021633274563,0
0.7596223570859107,1.069093381582047,0
3.5350608894080944,-1.5525922055271062,0
1.7382159760267852,-0.018081454288839005,0
0.12898527451231845,2.0143961984249903,0
1.0500970083208072,1.0153907332090657,0
2.3492080762059318,-0.17210788279884182,0
-0.823761176465539,2.664915885530541,0
2.6443658947005253,-0.9064530317254584,0
0.5968094337645711,1.5599568873600789,0
1.6688692284323252,0.423035692355784,0
1.9958567863931944,-0.027467709873322255,0
2.8901693507080863,-0.8609880602735362,0
1.1445858024955873,0.9185981161176027,0
1.4596228977841235,0.5309514356068866,0
1.6075668096737834,0.3252653731028031,0
1.0526235904272154,0.9083300053823792,0
0.46469546174154,1.3372932867503233,0
0.606582857899243,1.5253837867929603,0
2.471557688454112,-0.272898633859755,0
1.8125495605891282,0.11750585729406637,0
0.41077577906278373,1.7106148192438968,0
1.9378697165436842,0.2678208578190525,0
0.9738120424781376,1.234430663495188,0
-0.6678633989536578,2.596055739762968,0
1.1556540044170296,1.097366901066411,0
0.9510189873160062,1.2377709583663856,0
0.41201278709017586,1.6372302354439834,0
2.1837227475967955,-0.22798707084406367,0
1.025059032318239,1.0017717329380627,0
2.2628619730990227,-0.2079857056276866,0
1.3891252477674514,0.5923279594425839,0
1.7257154251758389,0.34055644205969526,0
1.9771965629334245,0.004242114609009362,0
1.4024225140346054,0.6370506212331516,0
0.7258400649890173,1.179827801527234,0
5.7767662337968595,5.875364750570299,1
5.762767147837714,5.822757023756159,1
6.9722395109885245,7.098955326801464,1
4.983479779504821,5.039004329140175,1
5.167727420736226,5.099117228395983,1
5.9430413512940055,5.724841132069456,1
4.849689482403505,4.79329343358704,1
7.056445212475962,7.243813446391902,1
4.9596582512283875,4.9103325126817055,1
5.145630808448307,5.1203173837595495,1
5.204926268680251,5.021195280712333,1
5.213893280835735,5.125831143287491,1
5.079615748279766,5.240099072273907,1
4.28557209710826,4.258703587205177,1
5.998192538731496,5.741578724909842,1
6.58437046449519,6.235872596728643,1
5.570514548276565,5.584611745913111,1
6.284795098104256,6.305031551731826,1
4.34428293238151,4.18820932428524,1
4.496734598970995,4.6284001266884385,1
4.332570130558273,4.398204159083791,1
4.228006472690163,4.180945450900309,1
5.624818463715556,5.573132972122938,1
4.585711397539351,4.522809496516047,1
5.634430563209596,5.565229373857362,1
5.955114443196443,5.887178699261613,1
4.755649510732973,4.940656084759421,1
6.275679357019953,6.307130395782697,1
5.846997282995261,5.983521811808846,1
8.072737267880743,7.90174899027912,1
6.120511527814039,6.054381718180215,1
3.3573974522241934,3.344134749048582,1
5.0809298738118756,4.881266675688308,1
4.647983397821664,4.973018333357501,1
5.885155963098216,5.843437934094272,1
5.088502755950764,5.12325452212232,1
5.515687946397508,5.709218718637861,1
5.238321417450436,5.234213766447748,1
6.932462107952932,6.880077102870898,1
6.10499206063672,6.4546547443266755,1
6.109934190709931,5.972231517900833,1
6.166195232474177,6.371907335167757,1
5.397773839607214,5.377628115083344,1
5.7468560629758345,5.434136762817771,1
7.673076320549701,7.642052134097193,1
4.305624173530244,4.2489169055734095,1
5.917423390072061,5.92016212453966,1
6.379874163778791,6.419879506636101,1
5.136048329039513,5.003266711393477,1
4.224476923852329,4.48261108782461,1
6.601139410208237,6.487429678659068,1
5.371004530876197,5.565518222516353,1
4.64140303717415,4.541649927367616,1
7.081691889512498,6.924827398479105,1
3.921508112432758,3.7903574863941465,1
4.412125296498542,4.250358820686386,1
4.047841131928876,4.038070073688315,1
5.137907430989717,5.301283598617735,1
5.492629073856995,5.5915461370960164,1
8.496686182344348,8.694204879477969,1
6.104050073355207,6.2989840371037795,1
6.9624353691314065,6.859502755105872,1
6.243423789895692,6.321505369617122,1
6.2060892548963995,6.049252893935476,1
6.7882520448300445,6.641038127568903,1
8.608771615301137,8.497387695570568,1
5.9564001316777135,5.913108901664196,1
5.061299403714523,5.413948955776689,1
5.262209274324099,5.375416059330435,1
4.512662167560616,4.533134714071334,1
5.198341787935848,5.0686128839640565,1
6.822142245714653,6.874361694728897,1
4.286234658401801,4.191412226689626,1
4.64987857117039,4.89513666095111,1
3.312362007085849,3.3888439612884,1
6.7138605532024105,6.583001905786443,1
4.822337532366854,4.644565467386169,1
5.381957480480672,5.362305212359549,1
7.321135268957135,7.1106732827972134,1
7.851559971280858,7.795691776133113,1
8.410886943554752,8.309559372804776,1
6.886506353088484,6.896969290750153,1
8.600440521448188,8.487136917843639,1
4.232338494025627,4.157960100056634,1
5.299727324198747,5.445197454989467,1
6.702032719379757,6.584298059493016,1
5.822205462526665,5.739650225690291,1
4.246411395318267,4.413402209059107,1
6.407803426162773,6.432999565333451,1
5.6815804801288206,5.430220646338168,1
4.342937067798032,4.47194756496048,1
4.195172209372985,4.32760269287294,1
4.313428844872837,4.4694220304260215,1
6.279012348849767,6.24657297742138,1
5.578148928521186,5.454416094515664,1
5.171528245928329,5.2750035721243815,1
6.633536189743375,6.474809225048944,1
7.877080169190746,7.723907015158472,1
4.520390981919195,4.42288600055838,1
4.987067608826031,4.760223776979661,1
5.416473370919993,5.315678739700827,1
4.586323385675248,4.530418243469965,1
4.212825904767747,4.185872430506333,1
6.551845893697141,6.531450447188336,1
4.5072823366845975,4.516105006220815,1
7.7406519738713975,7.714422456832018,1
5.465620359638877,5.256084069127677,1
6.423060680584588,6.402943770645289,1
7.059947421728845,6.991258959163963,1
4.31208582162173,4.301934506438246,1
5.747440533494085,5.465052397554952,1
5.708841075147076,5.87289148386998,1
4.95420971964757,4.73020449806232,1
5.4297407151979264,5.401052065620823,1
4.3857513363175045,4.276452408927012,1
6.131482028918234,6.097920884088776,1
5.512687043968358,5.272942214448525,1
5.547663848425158,5.490912701554105,1
4.236349397702984,4.2949369164516025,1
4.39952173903711,4.404720544616342,1
5.445836147322507,5.341724782152758,1
7.098361129623014,7.318682453630672,1
5.80790442197375,5.966704177626589,1
5.13379027247546,5.002975718136002,1
5.3286403719527415,5.470230611228352,1
4.249215278334534,4.345456868386349,1
4.984327819554483,4.988299278219418,1
6.465215771754584,6.4713135744836165,1
4.996460353613609,4.812236255229019,1
5.345510308697892,5.470343020216212,1
5.7595308219661705,5.818539034431326,1
5.157369678878743,5.421994002106165,1
5.407007907808635,5.522600766292366,1
4.758276616488513,4.845079129686686,1
5.0401823194984505,5.033393607907219,1
4.995959401828382,4.767968057390666,1
5.319203386817391,5.585124729362211,1
4.394850146899712,4.293292312696098,1
6.039692899367434,6.023188327833257,1
5.091943181976548,5.017029129841071,1
7.091345564622544,7.072755519477661,1
6.502190465914869,6.412533990778673,1
5.97899543335993,5.73466851180627,1
6.00580515818494,5.978101743146734,1
6.035152274256773,6.198712276125414,1
4.758801415217729,4.9389187985093095,1
4.67440760840522,4.447851882119242,1
5.688808455971296,5.882151802415079,1
6.737882655216996,6.757990271111093,1
6.08642789607393,6.10562258705823,1
5.233350130828315,5.340435671407018,1
4.885364905186652,4.791925729057724,1
6.241391175242672,6.294706056153892,1
5.241652568172129,5.401613157375612,1
6.649847503890003,6.555034247616243,1
5.5081799954182324,5.415606938513993,1
6.583297932959085,6.7305510501384145,1
6.1127673074303255,6.385535463320614,1
4.923719824649918,4.953723310691961,1
5.637183673142587,5.537290391119497,1
4.506703519489842,4.555221920621896,1
5.722843538196553,5.75234718465173,1
5.484845072892139,5.309508728268054,1
4.663446344421941,4.367580695004058,1
5.102596361576534,5.101152946305408,1
6.145888525992915,6.089413199653289,1
6.311060785704061,6.525004999896643,1
4.455838789779921,4.4456481924208475,1
4.300894055826291,4.290452631964314,1
4.457806682556599,4.528842158359271,1
6.743101598463005,6.69836738240234,1
4.5855647726813435,4.634573010247691,1
5.64286421619878,5.678000416083063,1
4.884833108384951,5.008854888605791,1
5.87234014361837,5.818349816677322,1
5.960604649251611,5.8877887611324935,1
5.009913658988369,5.034129006998841,1
4.460245119664095,4.595273507176309,1
5.2117535711358105,4.978233524152973,1
5.232957100944956,5.235995241199402,1
5.661742604712664,5.664530415665488,1
6.3901127773380235,6.490544746742941,1
5.617041389158289,5.334510079655574,1
6.144947693408542,6.128292011519668,1
4.42067514289594,4.4584405680851695,1
6.812577220757057,6.8590485019619365,1
5.739026061824815,5.647585409185387,1
4.939273343301606,4.901334408497235,1
4.731593901806027,4.9869674054066895,1
5.710242013619421,5.596970253169333,1
4.6612095324104095,4.682264572646161,1
6.1527872423472765,6.085658769206752,1
2.9353068619627734,3.0584266798727895,1
4.477543757526441,4.24488457949837,1
5.006863332475481,5.010050371416823,1
6.534302777369112,6.6949321189526145,1
6.03833357017931,6.05101631699924,1
4.8019775415674015,4.8575575359610825,1
6.391350888751298,6.334212494138313,1
4.4145813923490245,4.2987004469594075,1
5.087549811605093,4.9257681217883365,1
4.742175364970723,4.840812811702465,1
5.911138744127257,5.956664342813785,1
6.540984561683583,6.582423799324146,1
5.173424426615998,5.129426420703164,1
3.721359524968773,3.820756379013304,1
6.042385323272916,6.189386389900104,1
7.069691832232008,7.023547605198074,1
5.552135314461986,5.643486211946062,1
4.593137345843138,4.56146240321602,1
7.378804750299289,7.176072337594236,1
4.761287851205812,4.9241903026418115,1
3.994611118164626,4.1543805448827635,1
4.006122772465947,4.249855386961579,1
4.957605173334118,5.068050273060425,1
5.2909554028238315,5.354988782627713,1
6.101022359763735,5.875647811227532,1
5.236107816449557,5.138328118973754,1
4.953148131975837,5.108850036363228,1
5.433880502204513,5.419900656721252,1
6.006030482467689,6.052540414743713,1
6.832908671207534,6.714693587041733,1
7.177238747301201,7.1080799526382785,1
4.491567808393567,4.481046080941847,1
5.385062019898462,5.408268743289067,1
6.017269688128871,6.009222363359651,1
4.622800624463169,4.389044874379126,1
5.892234083998519,5.777539385239131,1
6.784814027840046,6.782284681931491,1
4.305972910777379,4.24727636014573,1
5.000538084054169,4.921162439088659,1
6.642137951273812,6.589958493920445,1
4.77058410395794,4.5710202065359775,1
6.793052619024526,6.688756086298224,1
4.68198076578337,4.6236831701611285,1
5.956267199344808,6.093454302236507,1
6.133208227538465,6.228921877552568,1
5.89316088042481,5.7963062997397055,1
5.225910675477401,5.464210582879341,1
5.626977062047756,5.5016729394285395,1
6.750669443666439,6.736750455424874,1
5.901751465887874,6.030148918723781,1
5.687837587008832,5.552697750074332,1
5.2432291681348815,5.013324856341839,1
3.607272278948245,3.648643481312302,1
5.607867658341881,5.444096652273795,1
4.1945187569207425,4.172516388844702,1
6.201735288141122,6.144293767261257,1
6.219163843964506,6.4888558100221365,1
3.649834892977283,3.5712015075823262,1
5.415760331340682,5.508140428220836,1
4.8482047040354965,5.141303482864937,1
5.664107940189755,5.72608057049527,1
5.689474495968809,5.429059540715204,1
5.401428084455479,5.429440189368272,1
4.660488316923928,5.112500567156517,1
5.745197860081507,5.821677399181622,1
6.576826104715817,6.650688778950915,1
4.972461298616877,5.202679996715058,1
4.74954701926613,4.700041424985172,1
2.6822479155445595,2.8990847095736973,1
5.96533592136338,6.15087886293915,1
3.70878861343483,3.6031217321710174,1
3.798537040381884,3.9281888725596836,1
5.160981532794286,5.106197584749044,1
4.100993452808524,3.9774287639536188,1
6.04353851644583,6.154096046018651,1
5.562776127726422,5.665712534800943,1
5.6640496892421845,5.656147256640287,1
5.463485308999887,5.569270465490969,1
5.134390368838305,5.199503745493798,1
7.019773252992843,6.802234858807063,1
6.722151002118476,6.554197124405028,1
5.762329351131569,5.684778602005213,1
5.455700535392881,5.196781384603808,1
5.760680434424175,5.59581335286186,1
5.487245871930632,5.514339621923201,1
6.204091538917665,6.277319244698984,1
5.721717294102611,5.732010540007563,1
6.352835032818362,6.1941926044455595,1
3.495870376632806,3.586448299355288,1
4.452042584706923,4.594633804197142,1
5.852176490259615,5.858367162207929,1
4.940187255594821,4.913058642116095,1
5.709024203513184,5.72530324630499,1
6.147903953267357,6.079233536926164,1
6.2349762194809015,6.325208706823372,1
8.004102032757613,7.843731133832779,1
7.143964775886592,7.131551635334717,1
4.010204520457465,4.18602194410668,1
4.5382352445904885,4.710434135030474,1
4.567761959598636,4.324112395975408,1
6.15405951393361,6.401746230758437,1
5.691242187358844,5.688630727585474,1
5.198400273506474,4.89877616723067,1
4.753933506573765,4.693276058438,1
5.071309351421501,5.010946833570911,1
5.682079561092361,5.838533610847095,1
5.3867087889943015,5.493366318962284,1
5.203727808210359,5.103269173353988,1
5.425253969794158,5.364049554530781,1
6.006549036242591,6.0254661842811785,1
4.471469567782062,4.5871345196682975,1
6.601692118170431,6.577687461079001,1
5.739252975709929,5.8506875193636745,1
3.9323146109739096,4.012028043627998,1
6.812788454669571,6.89736286671063,1
7.526011498467371,7.367628268034039,1
6.596359032010375,6.488449470642325,1
4.870199735314381,4.892393993261272,1
5.74906098883569,5.7245191310061285,1
5.62740147100791,5.482603854632864,1
6.300127367994741,6.456438808841223,1
5.689959463671008,5.715164392913339,1
5.941042090929804,5.919383199420397,1
4.791052868900269,4.94870465075366,1
6.238990871301471,6.320030557882756,1
5.698732708740449,5.42689359753012,1
6.0024855530058,5.8810369676419505,1
6.662279097999668,6.919249390010533,1
6.473760940967204,6.444065059761708,1
5.124927561721741,4.817991884673568,1
6.070392699459338,6.125659610714508,1
6.94414877311675,6.83657458521752,1
6.522762119016376,6.602410370690154,1
5.073195541515476,5.098967724916882,1
4.386196837719426,4.295533183324755,1
5.142362734841296,4.995409737581332,1
6.065978216474332,6.118949185851107,1
6.0807640942163985,6.060486887787009,1
4.850509229311592,4.916965556515648,1
5.618038163017843,5.60901161266299,1
4.354164312503554,4.137333871535098,1
5.552052320643602,5.3006035691435285,1
7.88463638590426,7.781291687208983,1
5.577051019142547,5.4925870425410075,1
6.519305350116867,6.53107790024666,1
5.231288151748793,5.16473246313312,1
6.585944581241416,6.597439846176466,1
6.599789790080174,6.735663514924353,1
4.4514753491617896,4.580974412653222,1
3.884424028552308,3.9977954191653784,1
3.8353859073466534,3.884528215763918,1
5.406775665994596,5.415609065477152,1
4.806351758765992,4.640649965657828,1
4.279514204604023,4.322985665967519,1
5.907353326477061,5.714784738847188,1
3.418857441740135,3.380455810876904,1
4.461926535278099,4.318532380547083,1
7.720496260547824,7.621350288370463,1
6.641701796428366,6.529732506372601,1
4.756021426350417,4.7518130417648585,1
5.552651057305354,5.77560436071955,1
5.612591416196062,5.8020668060865255,1
5.513251471221016,5.344268843589216,1
7.031092477718984,7.003779575610635,1
4.805787096107123,4.8908797370671495,1
5.19308864231034,4.995180869214254,1
5.6522329920049925,5.376870638933591,1
5.300614179225689,5.35562868681799,1
5.718587724986617,5.631308329575674,1
5.976317898733857,5.939405592164734,1
4.28571642855477,4.107202214251355,1
5.686667897001749,5.841524301743337,1
4.502704258142349,4.642953378469005,1
4.262138979014354,4.033549973060233,1
5.01244575632347,4.98168633434126,1
3.8014528762287787,3.8026534522742947,1
4.566023554490046,4.276420990360879,1
6.995849228873833,6.920394948431704,1
4.995533326487389,4.955683928646825,1
4.1045954947828776,4.231615283515309,1
4.570064401920409,4.476252319985351,1
6.515992460397651,6.363773176783327,1
5.715470884818592,5.732436722841402,1
3.8875323705237617,3.8754252812081185,1
5.815448735397703,5.664688945182705,1
5.5805766988913845,5.349038697235431,1
6.122607505090201,6.217734797747033,1
5.7650931107564105,5.868423063715429,1
5.869142137127452,6.039243236220939,1
5.195046810321207,5.1994106206573925,1
4.736292848749136,4.808662866571293,1
5.903740869379132,6.161999400473532,1
4.0293859398305605,3.9850293502320584,1
6.4232909234488735,6.380035576943993,1
4.228249145185156,4.222175183428286,1
4.547018903649272,4.748639889181641,1
4.004242262653992,4.004082666105465,1
6.019363610227927,6.164527252697029,1
4.843608400054899,4.580041150373803,1
4.587249786729281,4.66667136800118,1
5.659923207040618,5.573055209564495,1
4.553313913474093,4.475876413219934,1
6.141969516519885,6.247018944761955,1
6.473930540911811,6.3589849828093765,1
4.745534027843693,4.806465066824507,1
4.876522930712614,4.952967258979008,1
6.541629154006801,6.408968351526949,1
5.841690145657919,5.973779282123779,1
7.005127384679421,6.874645953210874,1
5.001239228287438,4.948256733061393,1
6.240692949771359,6.362872822692714,1
6.3964087917762225,6.439820819431149,1
5.0227130330356875,4.989389610913484,1
5.450164209471904,5.3450023325966125,1
5.454584648885769,5.356558078461908,1
5.903599096234542,5.992552484629103,1
7.41131239621075,7.435497927703139,1
5.0667756107198025,5.049146261101109,1
5.3454257524378,5.488678667963033,1
6.785141751728204,6.801577163945488,1
8.024518660905162,7.957472953302384,1
6.89366834664318,6.92478005672472,1
4.77403937305331,4.865210232147318,1
5.074024127876651,4.966194709604224,1
4.418129302211348,4.453310087746482,1
4.230069614669121,4.311906332244013,1
4.864993551509165,4.784952183460866,1
6.200960894778897,6.183853508637659,1
4.4105390506071975,4.420411810427962,1
5.87323084506538,5.849553502233198,1
5.110965844713156,5.234010146982242,1
4.494010501178628,4.46294720669318,1
7.7700864277058335,7.717339118643702,1
6.652931084216861,6.702940526352835,1
4.926589921001173,5.088268025586369,1
3.7134521198224117,3.7000139676477293,1
6.169753482795418,6.1414585494555975,1
4.568577217178094,4.52030441034034,1
6.466962895533754,6.449747379112341,1
5.585705511127661,5.627273627649449,1
3.6488718994072196,3.5006770438656023,1
4.804867302082612,4.855871955348478,1
4.1568077563006955,4.14048101823875,1
5.0840594033456705,4.9697156732316765,1
6.3094007363193585,6.151065360946127,1
5.361967937657798,5.220878369118982,1
4.89914536223566,4.996991489662208,1
4.143193280385749,4.2694698270641345,1
5.174690025618186,5.17506317291976,1
3.33467514154198,3.6266991483694744,1
5.848367497786728,6.144307837782777,1
4.990622888068741,5.1670274628626744,1
4.202410331887382,4.318373880109633,1
5.351251648628783,5.306693662338183,1
5.518843171779864,5.3545922107948325,1
4.0858317234828405,4.137369195465306,1
4.511536786583341,4.300913074713126,1
5.7936177999082235,5.980605771016108,1
6.246699752892468,6.411862334969634,1
4.962724423044818,5.123332288875263,1
7.360801384935051,7.535965282567207,1
7.5749262402613375,7.521121159941284,1
5.930042374704458,5.747026749231697,1
5.543963683725692,5.6722694731138255,1
6.681968788422989,6.772833488488589,1
4.516901749208974,4.7123922446698145,1
6.868623133229483,6.885241807899096,1
4.023682199904608,4.124397047887838,1
5.827894013053773,5.862784359272343,1
5.680226277873468,5.612972805659608,1
4.2062072929359715,4.3734576274282375,1
3.4582855783323914,3.859305317891189,1
5.998037314328931,5.93095321780337,1
7.064163815052836,7.159494967046594,1
6.202656288219031,5.979075184538208,1
5.30986776760855,5.507912463051891,1
5.2913401589148386,5.566067100890758,1
7.321782547843782,7.166311714854065,1
5.683406590323555,5.7307663634865005,1
4.9162925850639425,5.176845732802737,1
6.363096101298549,6.2164391970994535,1
6.317351238620625,6.204311963886518,1
8.914952093503175,8.900491978715202,1
6.758630443003241,6.770673238713135,1
5.22483590141973,5.268518316334751,1
5.2068833578648634,5.252355915119431,1
4.483784832468999,4.622773426370081,1
6.541096075108837,6.507460371489658,1
4.98719882657506,4.774948135676737,1
4.846139084637402,5.109923570177732,1
5.067346308398187,5.261361059311682,1
6.25205652286096,6.235223589357772,1
3.6787147870078707,3.45332680357871,1
6.876249512130934,6.925571709293468,1
5.504237215490812,5.563010548426726,1
5.518289421464461,5.754703537548513,1
5.583014945782764,5.493803051033543,1
6.852515279825581,6.749567444579641,1
6.632151150805626,6.865894336780973,1
6.567675782249562,6.620052924124148,1
5.645828216934809,5.731843951059729,1
6.113814357956043,6.292392114249249,1
5.216065583345068,5.3515872329747785,1
4.778742618936446,4.7834542749561715,1
6.083897444801943,5.9861277042857255,1
6.270409989081792,6.352079646145063,1
5.165390506852373,5.480611116803088,1
4.980697279023396,4.88190094977878,1
5.279852766055642,5.165871094802072,1
6.671766218497077,6.7588857753102305,1
6.022624236957933,5.948918162966373,1
5.138538590683701,5.1306676221700105,1
5.569985609156156,5.39424537175132,1
6.957051219851975,6.92840588515901,1
4.659359528281927,4.7514487346960275,1
6.979982632999037,6.970998151689324,1
7.44138404243782,7.391260527458915,1
5.730719942774859,5.779936141121787,1
4.369347488163249,4.340449024096017,1
5.7477424068138685,6.094435415221218,1
4.317734665367985,4.603855787495023,1
5.465629663183149,5.605833638468508,1
5.999823018760489,5.970979377302482,1
6.05420509450229,6.011824990783177,1
4.755392233643951,4.677755720683347,1
6.282145212329599,6.09628083992183,1
7.1418332046402995,7.2271618520683445,1
6.743310953357054,6.622968252236704,1
4.784633273590661,4.853450467530891,1
4.039442751049972,4.134686118512593,1
5.874219503194034,5.859640682092126,1
5.570719651590707,5.486008244102606,1
5.795239379759472,5.780711106372042,1
5.442592491633378,5.60330285733706,1
4.343329426636853,4.453945709373022,1
6.425336989389927,6.31645397685262,1
5.177216762649791,5.154458968027287,1
5.647130743826466,5.651605003506886,1
4.064258796467058,4.238437498262951,1
2.506044070201255,2.5123510446678985,1
4.666110950782377,4.517647362933232,1
5.4636940268794465,5.633780616695426,1
6.882196738612383,6.80793013752506,1
5.972440244662621,6.035510923596962,1
5.210087073465702,5.275306036567274,1
5.633383335983449,5.601295822385617,1
5.911302580825841,5.707768772653956,1
6.184791628500899,6.114337992728197,1
5.005536067742984,4.901372531447198,1
4.921227883980474,4.717464595913011,1
6.181794319374572,6.112386782876392,1
3.538883052553897,3.33614370644193,1
5.964587414088127,5.8410654987149115,1
3.2730501617992314,3.3012900259336826,1
6.893261226263228,6.888567604747257,1
4.252027924429925,4.460555480036968,1
5.762958011092757,5.750558800790553,1
4.885925638734729,4.708747875404445,1
5.957091431750774,5.969795433562406,1
7.274237905770241,7.025720886503938,1
5.991876233023479,5.556001400671732,1
4.859625158274767,5.0627571056615,1
4.88924211632038,4.772555526087728,1
4.867746565527623,4.899891333154659,1
6.860937363173264,6.835085348754706,1
5.67059062683676,5.516515563070815,1
6.22664923617142,6.144656578969604,1
5.089665023198472,5.107559620170647,1
4.889168923740105,4.866677476448846,1
6.082745933670024,6.395793626160334,1
5.142188755146368,5.01802068036785,1
4.441043945839002,4.445938482546398,1
3.3392936726086413,3.493434562081676,1
7.000428150025323,6.843396876294266,1
5.30508898622867,5.425680287399504,1
5.132210336662761,5.3356888235791375,1
6.313370827560233,6.117708844948833,1
5.597013272643295,5.691000797252478,1
6.163098372412261,6.110525627189334,1
4.5411158033545345,4.613527320363733,1
6.196578899049714,6.307007913231632,1
4.674998966067222,4.594086568230412,1
5.6552349666861685,5.886691512076505,1
5.355273487643305,5.4577476870396895,1
4.538305140517787,4.599097592771291,1
6.080893457737948,6.1229459352025914,1
5.461544370768947,5.172980735609332,1
4.804973264453213,4.830677494175895,1
4.615507449004363,4.687032924874699,1
6.5626103331469166,6.559684725973516,1
4.227340303082155,4.281418426909525,1
4.646866632225669,4.801710812744995,1
7.403700247361767,7.445101800169487,1
4.142209522619001,4.10636052311992,1
4.69118100006803,4.673203676095091,1
4.438122676027438,4.52048358445121,1
5.034217735027903,5.053897228769594,1
5.364784687955297,5.316318463863689,1
4.429115894202025,4.676802961561666,1
5.723377909188376,5.640826488271587,1
4.348248854492251,4.402914582968955,1
6.145216946777872,6.293598366325922,1
4.81338071829521,4.863512865122355,1
4.177457323349022,3.9954382528100476,1
4.942188075734321,4.777817643997007,1
6.060873713908158,6.259087364365133,1
6.088918356414306,6.132890040472467,1
7.270581498394401,7.327922756972757,1
5.379883468591862,5.35988664365347,1
3.181979844274459,3.3978429238816528,1
4.34142869116845,4.268081098710211,1
6.019164646917389,6.042221351668171,1
4.614534690301001,4.631554412686019,1
5.0797001214755975,5.045817050327437,1
6.577792584317086,6.689808928742785,1
4.92584661711064,5.272950099703096,1
3.7761288472261603,3.342765021857311,1
5.867952798067849,6.337429829917767,1
5.789180339344952,5.845942222406004,1
5.973936578921481,5.754463412937826,1
5.453839179044841,5.549272229569505,1
4.58673653531434,4.705046726752867,1
5.71436081265813,5.735597804259485,1
4.584040160135757,4.453571699827189,1
4.627442126711256,4.671398471221141,1
5.674833517906619,5.63231614723734,1
7.413346989202115,7.1274296210756445,1
6.45501705827041,6.1363955016832,1
7.135386350246004,7.3304309900676365,1
6.872654137304134,6.869543777674826,1
6.895830092225147,6.982034991746236,1
4.800319274519178,4.82629502467021,1
4.349278685047559,4.158748122179164,1
6.898397003052052,6.673291649373052,1
5.30924311521374,5.303666105012135,1
4.648077621600677,4.55252398287657,1
4.9619972086920106,4.935925424737838,1
5.3788869113845985,5.262028276378814,1
5.50399138259674,5.702854165618321,1
7.935107429244113,7.944271901765143,1
6.156574494906269,6.424600087486229,1
6.410092126135611,6.524395835677781,1
5.840795853563461,5.945700708386925,1
5.676651264859838,5.640241134862283,1
5.096582147299333,5.3460700830761745,1
5.717058774730916,5.528670414502335,1
5.234528702010019,4.924636907264556,1
4.063484088468743,4.139278778149485,1
4.457298648689714,4.48776783424412,1
5.977489254621878,5.83792824359451,1
4.351316156663216,4.267528837175173,1
7.657437631311328,7.903008998671697,1
7.489071623866267,7.372584805509304,1
6.16459222483142,6.123578944715841,1
4.183773217702633,4.143676774555324,1
4.4722578516521585,4.469934326434486,1
6.520496653577365,6.641782529304698,1
5.886916311101041,5.677903971578427,1
5.546243991704888,5.695239374737516,1
7.052003954864641,6.868735026585058,1
5.482006309459299,5.408541973336398,1
4.979467610471936,5.030994105288638,1
5.38997858787707,5.457264120807755,1
4.296868704606961,4.470130579209376,1
5.84967821370968,5.7566131814659505,1
4.423652956948779,4.442533688463401,1
5.882072614320362,5.708829789206803,1
5.7098924222536285,5.730348499657718,1
5.000509461577795,5.123019557445165,1
4.440510023810743,4.532690287544873,1
5.434832828571686,5.37798005691745,1
4.520269545622143,4.27143351966039,1
5.913637410061748,5.923811066576297,1
5.87025394803454,5.7146466863162155,1
5.210673778417114,5.303698275307029,1
7.960677741039712,7.759709234459285,1
6.476357094213037,6.749404991027923,1
5.66413579908469,5.823406292880563,1
5.729175965482816,5.881362673458152,1
5.5465558900451875,5.557080324882599,1
5.978983549430221,6.115444950548624,1
3.2411923719984648,3.0835859028629686,1
5.985236585087377,6.0063866126008145,1
4.193586893195979,4.096452242760865,1
2.9314120137241537,2.848285453661162,1
6.315265727951551,6.295844266329957,1
5.516850063742222,5.526992589688408,1
5.359106615964415,5.167429783630565,1
3.9889027541710105,3.915247708448211,1
7.007105662829227,6.819485035641862,1
6.558002235332779,6.5956651828404596,1
4.885005013131061,5.034054391324032,1
4.820371995294816,4.8336182853271605,1
4.954467681017836,4.976165802885727,1
3.9897736465730014,4.132752631113263,1
6.431847631241232,6.225225719331924,1
4.278273814262637,4.111036682471227,1
4.950516963731423,5.088047757270869,1
5.372388989635133,5.328848180499898,1
5.571852201477436,5.443481009859642,1
6.490910274353593,6.477170075882326,1
7.0907885053697814,6.899088549718888,1
6.462873386045941,6.510397197942048,1
4.8079596238076805,4.713023421614685,1
3.0301938479596924,2.832265517834767,1
6.382922106650895,6.456559061941372,1
5.883329521796439,6.150815124616161,1
4.234853727501872,4.342211917463904,1
5.223967667453243,5.4146310944493825,1
5.476563731755409,5.520578933199431,1
6.6833874206059,6.543400896239482,1
3.2656188304966833,3.3149609692048396,1
7.167039801943457,7.119240802503475,1
5.110121996154085,5.122737875640954,1
3.111536688267104,3.1218761572285576,1
7.177338848884244,7.079068020635152,1
7.27317650482487,7.2838270983266415,1
5.948806849687135,5.899346552639183,1
4.358696826503332,4.5940474076402165,1
4.296268088194991,4.331769869592328,1
4.153998328136632,4.248242577413005,1
4.192048197466657,4.446770627811713,1
5.254810822553352,5.269319233576252,1
4.99555180930769,4.715768582173193,1
6.194432733337973,6.2711964668495765,1
4.333820267317881,4.375515374355903,1
6.182541608147291,6.12512486860436,1
4.784280380075391,4.789212180404328,1
6.524878175320879,6.503842401592268,1
3.6656532545261875,3.5835840753282073,1
5.613367788683029,5.66250650740046,1
6.263436086991332,6.140193161003139,1
7.976963672437567,8.230353590892687,1
5.690978793940688,5.657149749525547,1
5.867246613194341,5.826865026097281,1
4.3585716537720325,4.43799268606692,1
5.50236023039658,5.562431311964523,1
5.01165987615227,4.769762780509426,1
6.310643689567796,6.38380391039216,1
4.704213540842065,4.613629561857408,1
5.069504759783131,5.039640303337927,1
5.891459485136539,5.724826462244948,1
5.438908081438701,5.603179209561754,1
4.590167343989469,4.830386522436994,1
4.48607238633069,4.603153254658441,1
4.22494969993582,4.232551748073033,1
4.121977636917985,4.17436693016254,1
5.7568210471787715,5.800251717345381,1
4.042728107421935,3.8393873605228537,1
6.7336157105347185,6.6334357052075275,1
3.930886134423084,3.8890486472132553,1
5.039941507692263,4.764535484657753,1
6.031354268791038,6.025377793937922,1
5.004823413939676,4.73668147668343,1
5.358211850978033,5.4121296045888965,1
5.5152883317032595,5.290980622320221,1
5.340030461361742,5.3524629917816,1
5.242709949621599,5.082230007362309,1
5.473376056652158,5.379960550737355,1
5.211552998368596,5.167344136795174,1
4.902207991715244,4.798506279375236,1
5.927766134647043,5.756673867485651,1
3.0662028011613756,2.9024317950542353,1
5.707007664717567,5.8936659975212935,1
4.830816864414933,4.801282200016188,1
4.072707070113909,3.9224437298044066,1
6.726701736438737,6.545543588217647,1
6.058128540048038,5.819040416863319,1
5.691179553424083,5.715082810491139,1
4.414266317118813,4.407136020150835,1
5.177912972573097,4.950775760402094,1
5.78950666694717,5.817677287380539,1
5.78281385201256,5.8074723436222095,1
5.755577981751284,5.722191170705365,1
5.374173612186876,5.395906621699569,1
5.745000361389462,5.784749690927393,1
6.197468692684506,6.2272608919608725,1
6.709705487038992,6.7138642343305275,1
5.556705606178447,5.351776342013475,1
5.327347771506031,5.317472661972783,1
5.120337776261319,5.250040780534715,1
5.827698194013587,6.021206159214781,1
7.380518715194462,7.474511883930139,1
4.981258404201431,4.580873977361452,1
5.173477514156983,5.1971492158050445,1
5.8007311097515775,5.8526179157681275,1
4.795133844218141,4.813363339084509,1
5.601015025328388,5.582212655241627,1
6.334197491670274,6.295054810024565,1
3.8980044167925434,4.012587329436857,1
5.802473474397375,5.624473871109989,1
5.4512535589946385,5.608952736770301,1
4.700205658223588,4.891484703729886,1
5.582898452638401,5.551940113347541,1
3.935068000393148,4.083844213782765,1
3.43825227503822,3.462053789651482,1
5.991944585905278,6.228794748808011,1
6.654189064532676,6.6246362439609365,1
3.676134324591838,3.6899404298134035,1
4.5795884089415395,4.65025958554452,1
5.577852310274401,5.478065845736996,1
5.747527724368207,5.894214555962796,1
4.915647151075209,4.889864399463724,1
5.8148668233378284,5.956305964027555,1
4.463755271254164,4.422200482115793,1
5.8679851222082,6.065847219476729,1
4.909338729202178,4.921206030152907,1
5.716967098027751,5.64714839733514,1
5.1509110011289705,5.149198848725488,1
6.675316732628321,6.677131670951328,1
3.074509100648511,3.1092537291760936,1
5.418829925529808,5.335352719635238,1
7.173825647364923,7.403721572400049,1
5.407287193721217,5.389850958222219,1
5.436740624510397,5.710405105976536,1
4.3847955033703885,4.337203665308829,1
5.424137750284534,5.396668815960598,1
5.730950286437807,5.5863135425202115,1
6.2900255313546385,6.178347219229012,1
5.83994555834065,5.76476455092519,1
5.324737033034538,5.459893219222945,1
6.589054635990417,6.462654433699207,1
7.691002678040052,7.622120091263433,1
3.4376874281321013,3.173504354695966,1
5.82248974482307,5.7253105774204665,1
5.2354279439700475,5.105756537249288,1
4.000039258784123,4.193354375659622,1
4.277021091044026,4.464938632300977,1
5.6936615455326285,5.626791498682946,1
5.526924119693828,5.5412059649645,1
5.513184967584949,5.337019676994324,1
6.348298909231223,6.192914358746564,1
5.080217720414351,5.375644230025447,1
5.840038373750689,6.08964746182302,1
6.077764096961466,6.047037490811562,1
6.149244645703185,6.317465815089342,1
6.218061644834614,6.165519645726767,1
5.2603311781297,5.281972771830187,1
5.709872142120372,5.743598613090489,1
3.741909836750552,3.8178191209033248,1
3.112925928791074,3.431286866006939,1
7.5934575059531415,7.70718919615195,1
4.223677904051267,4.355187856898512,1
6.585695381037347,6.656892869725674,1
5.199687869958132,5.194571034193567,1
5.25487978311227,5.427033368076861,1
6.004601036121898,5.817588149139154,1
6.6098519870931165,6.448083452144205,1
4.889063205589151,4.714934384580312,1
5.240224031474693,5.113906061187076,1
6.213672445572067,6.0847323988187,1
4.714599442212435,4.621960856643606,1
5.192215415134804,5.343648166527194,1
6.474874766142088,6.524452745512304,1
4.070905976696793,3.8859591801209943,1
4.033816888155746,4.11981300665369,1
4.34709971377698,4.161753813721296,1
5.580989408456598,5.5752618962764915,1
5.169417045501606,5.062502317865283,1
6.767353990748764,6.902490592137294,1
4.120667889481667,3.96562421097492,1
6.1880864739706,6.174612957430065,1
3.6504400441334743,3.5540901911732474,1
3.4924333651844135,3.297956665152422,1
6.175275690150343,6.04173405038454,1
4.396137680297427,4.326024318364411,1
5.880114388350098,6.06513644641984,1
6.859745761493141,6.7386862417536335,1
4.816739117503769,4.839762694249179,1
5.694003116213479,5.611514375344025,1
3.8160233869061226,3.612610820714837,1
5.254141044161304,4.810270058584182,1
5.953061347049978,5.996475743998121,1
5.627395395550348,5.375748269746261,1
4.830626323007716,4.646014305406034,1
5.502822719151549,5.368736521634979,1
5.636053200876447,5.776490224383063,1
6.466109871214593,6.4891932709745,1
3.238013684476769,3.126907650803998,1
6.435795391656319,6.378066803589505,1
4.6961616981021885,5.019051269162234,1
5.311736182434917,4.85269727388388,1
4.742891389749434,4.492675445153319,1
4.98411621253259,5.117450368541653,1
4.936650868265693,4.8915849000790494,1
4.924495231256523,4.824224288647001,1
6.167279077510494,6.329719723448103,1
4.437868153567864,4.496456727076725,1
5.402156641526852,5.1826481992768105,1
4.794030114897946,4.618736434861051,1
6.539179947283673,6.776828950662978,1
7.00456905413909,7.053467215456108,1
6.3181382090220986,6.339145586843094,1
5.148867016583795,5.416216104320121,1
4.0988172508267535,4.397684318002295,1
4.975690853283486,4.929203364460072,1
4.692288473740861,4.560096676237768,1
5.8299351963834205,5.779011748684534,1
4.893134086476593,4.733963011962743,1
2.7678501892441996,2.8066165169833273,1
4.3795937829583895,4.429963808836535,1
6.545103611109296,6.619264801034893,1
4.349499065438846,4.235346211000929,1
3.371982320134108,3.638994753863175,1
7.000065983939971,6.817704982591547,1
4.375317721323742,4.385050521822532,1
6.272742730833448,6.3427000115006535,1
5.269097883537502,5.230242860536671,1
5.4257770210055405,5.243188953777349,1
3.6730776604654816,3.8004679387622256,1
5.863324503770269,5.991482666344561,1
7.573079808114999,7.463334598387137,1
5.582587227188784,5.779597870277302,1
4.60186922479824,4.7542729231787835,1
4.447989570434591,4.343365525231164,1
5.882676372823761,5.919797267847872,1
5.388673882958341,5.416272802906965,1
5.310304757936767,5.714642524267121,1
4.515478684720607,4.578487837165956,1
7.20990364357507,7.205043999276019,1
6.549599913351795,6.476252471164116,1
6.532302325042222,6.432644346539371,1
6.267563092253915,6.119037122755318,1
4.93116566006921,4.896427941914726,1
5.371022259194312,5.218407013559143,1
6.517637527221085,6.502605100951867,1
3.818678513552795,3.919048181765151,1
8.325019041215434,8.327490243897609,1
5.949785508275318,5.999090610011425,1
4.803792934097311,5.0498092442582125,1
4.179502067903778,4.323234866157597,1
6.113010610676987,6.061126807478184,1
5.5885283604456015,5.691432037029967,1
5.352891896537336,5.418751278431414,1
6.596733030229874,6.372162138643156,1
5.496692833542964,5.447789781489209,1
6.647641267829359,6.405265735979843,1
3.234654442536524,2.975463963386272,1
5.363319630805665,5.337613596214178,1
5.315966413173737,5.130431105081689,1
7.708444724657015,7.720750282746944,1
3.76899556470524,3.5617512634006037,1
3.5145062928394424,3.3172919341928977,1
4.220404386998785,4.089396714209876,1
4.391767065353875,4.46749450618956,1
5.439314772740772,5.334321072759069,1
6.291689787587289,6.494316123364477,1
5.378678115872854,5.441316367686269,1
4.5853225122329375,4.474312058683173,1
5.7233029505900115,5.754903470695949,1
5.552519721429026,5.462544057492713,1
7.120606179833086,7.079257715261515,1
5.559174013452853,5.4414341920014255,1
4.547985150103024,4.327326866549895,1
6.221828629219194,6.1587414980689275,1
6.025211868969063,5.9643529889559055,1
6.454425652186626,6.2282113632536875,1
5.0868088141102605,5.138913914728677,1
4.500761859705807,4.340212691323995,1
4.969189213045967,5.071012792368008,1
5.787218638703324,5.844987065359891,1
4.821530356041992,4.869273730084691,1
5.541230245069713,5.48761122262486,1
5.819482154213731,5.613542131175767,1
5.746692951002338,6.0119191680469495,1
7.001828834469899,7.224317290932644,1
6.185272022963262,6.174967776957376,1
4.9395811981237,4.7269554565709715,1
6.315573208288012,6.384668343555129,1
6.360981041162324,6.2902219786594795,1
5.908377125400359,5.967492639831139,1
5.435420200689638,5.446453640526176,1
5.158020455480487,5.210015395025738,1
5.917035098145687,5.759522726457887,1
4.631892796602547,4.782136528192902,1
3.3549668733234665,3.5711350746107566,1
6.391276386505313,6.405656272988456,1
5.521471441119115,5.524033782252807,1
6.271376151074887,6.3028385535834595,1
5.167646019734305,5.334320248314855,1
6.544419001581795,6.4712390315656085,1
3.9165045074269687,4.1280053677966535,1
4.51464077773011,4.6230185807145245,1
6.788813627690278,6.663883856344153,1
8.50487674581838,8.41649646600438,1
4.895563201171155,4.988534707942228,1
4.439923615359787,4.522149094488036,1
6.19524853410404,6.069146713624816,1
4.474651889504088,4.736906648286015,1
5.57978118237149,5.646445646034714,1
5.846015594165218,5.683853389535548,1
6.346996314104959,6.269847773476612,1
6.613482696424382,6.588410828203907,1
6.6723244968229665,6.391821542013458,1
5.602659074696993,5.450981147693731,1
7.578775912365966,7.444994098335337,1
5.444848711526487,5.519000317521567,1
5.280336311788137,5.421654110167208,1
6.572797510171278,6.614191018639393,1
6.570918033106254,6.467530645906688,1
6.260772157336753,6.144411511852459,1
4.571917986032266,4.3858099344871135,1
4.7564487052692055,4.731331590890438,1
4.890329339601731,4.861481356017231,1
6.701730279183254,6.469155114476962,1
4.900122074555383,4.858833305402955,1
5.4122267773191375,5.659031215072119,1
6.9516815098329126,7.18799895592023,1
